{
    "Entropy": [
        45.625,
        45.6875,
        3.7578125,
        45.0,
        37.375,
        55.65625,
        44.9375,
        34.6875,
        54.625,
        27.15625,
        31.890625,
        35.4375,
        46.65625,
        47.0,
        42.75,
        42.78125,
        47.84375,
        39.28125,
        33.0625,
        47.1875,
        11.71875,
        30.3125,
        28.265625,
        43.71875,
        26.890625,
        31.734375,
        48.0625,
        37.71875,
        30.734375,
        27.125,
        50.59375,
        44.28125,
        13.6875,
        25.046875,
        35.21875,
        23.125,
        4.078125,
        47.5,
        21.9375,
        40.09375,
        35.375,
        33.09375,
        40.03125,
        16.796875,
        17.5,
        28.0625,
        37.0,
        27.359375,
        43.46875,
        44.5625,
        39.21875,
        39.71875,
        31.03125,
        37.3125,
        47.25,
        38.625,
        27.203125,
        46.625,
        42.5625,
        42.03125,
        60.5,
        32.15625,
        43.875,
        21.921875,
        30.375,
        41.625,
        45.8125,
        21.484375,
        28.953125,
        43.0625,
        50.6875,
        28.8125,
        41.40625,
        18.375,
        45.5625,
        25.6875,
        31.234375,
        32.3125,
        42.25,
        23.265625,
        38.5625,
        31.34375,
        53.21875,
        24.859375,
        7.8125,
        28.03125,
        33.5625,
        37.65625,
        39.21875,
        46.5625,
        38.96875,
        12.9921875,
        37.0,
        37.0,
        40.40625,
        48.59375,
        37.65625,
        30.546875,
        40.6875,
        42.09375
    ],
    "entropy_cali": [
        24.671875,
        24.359375,
        6.3671875,
        29.171875,
        17.5625,
        22.09375,
        34.625,
        24.28125,
        23.15625,
        15.890625,
        17.109375,
        17.53125,
        34.28125,
        13.265625,
        23.796875,
        21.859375,
        21.171875,
        12.125,
        25.625,
        23.390625,
        6.54296875,
        19.890625,
        10.6328125,
        21.6875,
        19.046875,
        8.4921875,
        23.125,
        26.53125,
        17.796875,
        17.8125,
        26.734375,
        21.609375,
        5.02734375,
        21.078125,
        21.796875,
        6.81640625,
        5.671875,
        28.21875,
        11.09375,
        25.671875,
        11.4140625,
        15.078125,
        25.234375,
        7.9296875,
        4.22265625,
        14.6484375,
        22.390625,
        17.390625,
        16.65625,
        21.765625,
        21.296875,
        21.84375,
        4.28515625,
        17.609375,
        27.25,
        29.28125,
        15.3671875,
        29.5625,
        22.828125,
        28.09375,
        37.15625,
        20.359375,
        21.1875,
        10.0234375,
        10.3671875,
        21.921875,
        23.5625,
        4.1953125,
        27.765625,
        20.015625,
        31.71875,
        15.7265625,
        17.078125,
        17.421875,
        16.890625,
        13.171875,
        13.3515625,
        16.3125,
        21.296875,
        18.8125,
        25.0625,
        19.21875,
        34.0625,
        20.453125,
        9.0390625,
        7.671875,
        18.078125,
        13.3828125,
        20.8125,
        25.28125,
        24.828125,
        10.3046875,
        28.046875,
        10.2578125,
        29.5,
        19.6875,
        18.34375,
        9.2890625,
        13.9296875,
        32.59375
    ],
    "variance_cali": [
        7.49609375,
        7.5703125,
        6.3046875,
        8.0703125,
        7.4375,
        7.703125,
        7.90625,
        7.7890625,
        7.91015625,
        7.46484375,
        7.52734375,
        7.796875,
        7.984375,
        7.8984375,
        8.03125,
        7.4375,
        7.5234375,
        7.4375,
        7.4609375,
        7.765625,
        7.1640625,
        7.4140625,
        7.375,
        7.70703125,
        7.6015625,
        7.48828125,
        8.125,
        7.6171875,
        7.29296875,
        6.8125,
        8.5234375,
        7.671875,
        7.546875,
        7.34375,
        7.56640625,
        7.546875,
        7.4140625,
        7.91015625,
        7.015625,
        8.140625,
        7.47265625,
        7.53125,
        7.55078125,
        7.0859375,
        7.3203125,
        7.26171875,
        8.0078125,
        7.6640625,
        7.63671875,
        8.1953125,
        7.4453125,
        7.4609375,
        7.0,
        7.3828125,
        7.68359375,
        7.80078125,
        6.6796875,
        7.3984375,
        7.61328125,
        8.1640625,
        7.67578125,
        7.05859375,
        7.96484375,
        7.4375,
        7.16796875,
        7.68359375,
        7.765625,
        7.13671875,
        7.70703125,
        7.75,
        8.6875,
        7.10546875,
        7.10546875,
        7.4296875,
        7.90625,
        7.62109375,
        7.32421875,
        7.33984375,
        8.0078125,
        6.9765625,
        7.5859375,
        8.21875,
        7.875,
        7.6796875,
        6.51171875,
        6.8671875,
        7.86328125,
        7.234375,
        7.68359375,
        8.171875,
        7.74609375,
        6.3671875,
        7.8359375,
        7.5390625,
        8.1171875,
        7.92578125,
        7.58984375,
        7.3046875,
        7.78515625,
        7.69921875
    ]
}