{
    "Entropy": [
        92.4375,
        86.625,
        78.3125,
        90.5,
        86.6875,
        85.0625,
        85.125,
        88.875,
        98.5,
        86.125,
        83.875,
        88.8125,
        92.5,
        86.0625,
        80.8125,
        89.75,
        90.125,
        89.5625,
        96.75,
        89.125,
        85.6875,
        81.875,
        81.3125,
        80.1875,
        77.9375,
        77.5625,
        84.125,
        81.25,
        87.0625,
        84.4375,
        90.1875,
        87.8125,
        81.0,
        76.9375,
        77.1875,
        85.3125,
        85.8125,
        88.3125,
        79.9375,
        79.3125,
        84.5625,
        85.4375,
        80.75,
        76.6875,
        88.75,
        86.125,
        86.1875,
        82.3125,
        90.4375,
        86.9375,
        96.75,
        88.6875,
        77.0625,
        92.1875,
        87.25,
        88.25,
        87.8125,
        91.25,
        88.625,
        87.0,
        89.6875,
        90.375,
        87.5,
        81.9375,
        90.9375,
        79.6875,
        92.5,
        77.625,
        88.8125,
        90.75,
        90.75,
        83.9375,
        86.4375,
        84.8125,
        93.6875,
        76.3125,
        86.6875,
        81.125,
        91.1875,
        73.625,
        86.9375,
        85.5625,
        81.375,
        83.9375,
        83.8125,
        83.75,
        91.1875,
        85.8125,
        86.625,
        86.75,
        80.625,
        80.6875,
        86.5,
        94.9375,
        90.0,
        82.375,
        78.0,
        86.875,
        87.5625,
        83.75
    ],
    "entropy_cali": [
        65.5,
        59.0,
        63.71875,
        65.6875,
        60.125,
        57.6875,
        60.78125,
        50.3125,
        73.1875,
        58.25,
        57.09375,
        53.4375,
        63.25,
        56.0,
        57.21875,
        60.1875,
        53.6875,
        58.03125,
        74.0625,
        61.8125,
        51.96875,
        57.4375,
        68.3125,
        50.84375,
        63.71875,
        65.0,
        56.84375,
        51.46875,
        61.46875,
        64.375,
        70.375,
        59.15625,
        65.6875,
        65.375,
        63.59375,
        55.65625,
        67.25,
        62.3125,
        59.125,
        55.0,
        56.0,
        71.0,
        64.0625,
        63.125,
        59.875,
        48.0,
        58.96875,
        54.53125,
        73.375,
        54.71875,
        56.46875,
        64.75,
        61.21875,
        64.9375,
        55.84375,
        58.0625,
        54.90625,
        54.40625,
        71.4375,
        57.0625,
        56.3125,
        68.25,
        63.84375,
        57.5625,
        59.15625,
        61.59375,
        75.9375,
        53.25,
        72.125,
        65.5,
        54.28125,
        47.375,
        65.375,
        54.71875,
        52.75,
        57.65625,
        59.875,
        54.21875,
        62.9375,
        59.21875,
        73.625,
        63.09375,
        64.375,
        53.625,
        61.0625,
        67.875,
        59.1875,
        47.34375,
        58.875,
        59.21875,
        69.5625,
        58.59375,
        70.0625,
        70.25,
        55.65625,
        52.53125,
        57.71875,
        67.4375,
        65.25,
        57.125
    ],
    "variance_cali": [
        4.92578125,
        4.85546875,
        4.41796875,
        4.9140625,
        4.9296875,
        4.7890625,
        4.94140625,
        5.125,
        5.0078125,
        4.78515625,
        4.875,
        4.921875,
        4.8359375,
        4.8203125,
        4.87890625,
        4.88671875,
        4.73828125,
        4.8046875,
        5.05859375,
        4.81640625,
        4.75,
        4.7734375,
        4.63671875,
        4.73046875,
        4.6171875,
        4.45703125,
        4.94140625,
        4.8984375,
        4.71484375,
        4.453125,
        4.91015625,
        4.8359375,
        4.54296875,
        4.55078125,
        4.59375,
        4.89453125,
        4.83203125,
        4.921875,
        4.53515625,
        5.03125,
        4.67578125,
        4.7421875,
        4.78515625,
        4.34765625,
        4.8203125,
        4.8984375,
        5.1484375,
        4.75,
        4.9609375,
        5.04296875,
        4.87890625,
        4.7890625,
        4.734375,
        4.7890625,
        4.92578125,
        4.9140625,
        4.7265625,
        5.015625,
        4.890625,
        4.96875,
        4.87890625,
        4.9453125,
        4.859375,
        4.71875,
        4.8359375,
        4.50390625,
        4.9921875,
        4.734375,
        4.84765625,
        4.8515625,
        4.83203125,
        4.85546875,
        4.859375,
        4.7734375,
        4.9453125,
        4.58203125,
        4.8828125,
        4.7421875,
        5.015625,
        4.38671875,
        4.78515625,
        4.97265625,
        4.83984375,
        4.8203125,
        4.76953125,
        4.77734375,
        5.12109375,
        4.69140625,
        4.7734375,
        4.78125,
        4.6875,
        4.62890625,
        4.94140625,
        5.15234375,
        4.921875,
        4.953125,
        4.75390625,
        4.9765625,
        4.890625,
        4.84375
    ]
}